{
 "configs": [
  {
   "@type": "type.googleapis.com/envoy.admin.v3.BootstrapConfigDump",
   "bootstrap": {
    "node": {
     "id": "host~127.0.0.1~no-id~localdomain",
     "cluster": "ingress-cluster",
     "user_agent_name": "envoy",
     "user_agent_build_version": {
      "version": {
       "major_number": 1,
       "minor_number": 26,
       "patch": 4
      },
      "metadata": {
       "build.type": "RELEASE",
       "revision.status": "Distribution",
       "revision.sha": "b71235fbe762f93f0aa463812d6b3a3e7f3c1e9d",
       "ssl.version": "BoringSSL"
      }
     },
     "extensions": [
      {
       "name": "cilium.bpf_metadata",
       "category": "envoy.filters.listener",
       "version": {
        "version": {
         "major_number": 1,
         "minor_number": 1
        },
        "metadata": {
         "": ""
        }
       },
       "type_urls": [
        "cilium.BpfMetadata"
       ]
      },
      {
       "name": "envoy.filters.listener.tls_inspector",
       "category": "envoy.filters.listener",
       "type_urls": [
        "envoy.extensions.filters.listener.tls_inspector.v3.TlsInspector"
       ]
      },
      {
       "name": "envoy.listener.tls_inspector",
       "category": "envoy.filters.listener"
      },
      {
       "name": "envoy.http.early_header_mutation.header_mutation",
       "category": "envoy.http.early_header_mutation",
       "type_urls": [
        "envoy.extensions.http.early_header_mutation.header_mutation.v3.HeaderMutation"
       ]
      },
      {
       "name": "envoy.path.rewrite.uri_template.uri_template_rewriter",
       "category": "envoy.path.rewrite",
       "type_urls": [
        "envoy.extensions.path.rewrite.uri_template.v3.UriTemplateRewriteConfig"
       ]
      },
      {
       "name": "envoy.quic.crypto_stream.server.quiche",
       "category": "envoy.quic.server.crypto_stream",
       "type_urls": [
        "envoy.extensions.quic.crypto_stream.v3.CryptoServerStreamConfig"
       ]
      },
      {
       "name": "envoy.bootstrap.internal_listener",
       "category": "envoy.bootstrap",
       "type_urls": [
        "envoy.extensions.bootstrap.internal_listener.v3.InternalListener"
       ]
      },
      {
       "name": "envoy.bootstrap.wasm",
       "category": "envoy.bootstrap",
       "type_urls": [
        "envoy.extensions.wasm.v3.WasmService"
       ]
      },
      {
       "name": "envoy.extensions.network.socket_interface.default_socket_interface",
       "category": "envoy.bootstrap",
       "type_urls": [
        "envoy.extensions.network.socket_interface.v3.DefaultSocketInterface"
       ]
      },
      {
       "name": "envoy.network.dns_resolver.cares",
       "category": "envoy.network.dns_resolver",
       "type_urls": [
        "envoy.extensions.network.dns_resolver.cares.v3.CaresDnsResolverConfig"
       ]
      },
      {
       "name": "envoy.http.header_validators.envoy_default",
       "category": "envoy.http.header_validators",
       "type_urls": [
        "envoy.extensions.http.header_validators.envoy_default.v3.HeaderValidatorConfig"
       ]
      },
      {
       "name": "envoy.listener_manager_impl.default",
       "category": "envoy.listener_manager_impl",
       "type_urls": [
        "envoy.config.listener.v3.ListenerManager"
       ]
      },
      {
       "name": "envoy.listener_manager_impl.validation",
       "category": "envoy.listener_manager_impl",
       "type_urls": [
        "envoy.config.listener.v3.ValidationListenerManager"
       ]
      },
      {
       "name": "envoy.ip",
       "category": "envoy.resolvers"
      },
      {
       "name": "quic.http_server_connection.default",
       "category": "quic.http_server_connection"
      },
      {
       "name": "rate_limit_quota",
       "category": "envoy.matching.action",
       "type_urls": [
        "envoy.extensions.filters.http.rate_limit_quota.v3.RateLimitQuotaBucketSettings"
       ]
      },
      {
       "name": "envoy.wasm.runtime.null",
       "category": "envoy.wasm.runtime"
      },
      {
       "name": "envoy.wasm.runtime.v8",
       "category": "envoy.wasm.runtime"
      },
      {
       "name": "envoy.load_balancing_policies.least_request",
       "category": "envoy.load_balancing_policies",
       "type_urls": [
        "envoy.extensions.load_balancing_policies.least_request.v3.LeastRequest"
       ]
      },
      {
       "name": "envoy.load_balancing_policies.maglev",
       "category": "envoy.load_balancing_policies",
       "type_urls": [
        "envoy.extensions.load_balancing_policies.maglev.v3.Maglev"
       ]
      },
      {
       "name": "envoy.load_balancing_policies.random",
       "category": "envoy.load_balancing_policies",
       "type_urls": [
        "envoy.extensions.load_balancing_policies.random.v3.Random"
       ]
      },
      {
       "name": "envoy.load_balancing_policies.ring_hash",
       "category": "envoy.load_balancing_policies",
       "type_urls": [
        "envoy.extensions.load_balancing_policies.ring_hash.v3.RingHash"
       ]
      },
      {
       "name": "envoy.load_balancing_policies.round_robin",
       "category": "envoy.load_balancing_policies",
       "type_urls": [
        "envoy.extensions.load_balancing_policies.round_robin.v3.RoundRobin"
       ]
      },
      {
       "name": "envoy.metrics_service",
       "category": "envoy.stats_sinks"
      },
      {
       "name": "envoy.stat_sinks.metrics_service",
       "category": "envoy.stats_sinks",
       "type_urls": [
        "envoy.config.metrics.v3.MetricsServiceConfig"
       ]
      },
      {
       "name": "envoy.stat_sinks.wasm",
       "category": "envoy.stats_sinks",
       "type_urls": [
        "envoy.extensions.stat_sinks.wasm.v3.Wasm"
       ]
      },
      {
       "name": "cilium.network",
       "category": "envoy.filters.network",
       "type_urls": [
        "cilium.NetworkFilter"
       ]
      },
      {
       "name": "cilium.network.websocket.client",
       "category": "envoy.filters.network",
       "type_urls": [
        "cilium.WebSocketClient"
       ]
      },
      {
       "name": "cilium.network.websocket.server",
       "category": "envoy.filters.network",
       "type_urls": [
        "cilium.WebSocketServer"
       ]
      },
      {
       "name": "envoy.ext_authz",
       "category": "envoy.filters.network"
      },
      {
       "name": "envoy.filters.network.connection_limit",
       "category": "envoy.filters.network",
       "type_urls": [
        "envoy.extensions.filters.network.connection_limit.v3.ConnectionLimit"
       ]
      },
      {
       "name": "envoy.filters.network.ext_authz",
       "category": "envoy.filters.network",
       "type_urls": [
        "envoy.extensions.filters.network.ext_authz.v3.ExtAuthz"
       ]
      },
      {
       "name": "envoy.filters.network.http_connection_manager",
       "category": "envoy.filters.network",
       "type_urls": [
        "envoy.extensions.filters.network.http_connection_manager.v3.HttpConnectionManager"
       ]
      },
      {
       "name": "envoy.filters.network.local_ratelimit",
       "category": "envoy.filters.network",
       "type_urls": [
        "envoy.extensions.filters.network.local_ratelimit.v3.LocalRateLimit"
       ]
      },
      {
       "name": "envoy.filters.network.mongo_proxy",
       "category": "envoy.filters.network",
       "type_urls": [
        "envoy.extensions.filters.network.mongo_proxy.v3.MongoProxy"
       ]
      },
      {
       "name": "envoy.filters.network.mysql_proxy",
       "category": "envoy.filters.network",
       "type_urls": [
        "envoy.extensions.filters.network.mysql_proxy.v3.MySQLProxy"
       ]
      },
      {
       "name": "envoy.filters.network.ratelimit",
       "category": "envoy.filters.network",
       "type_urls": [
        "envoy.extensions.filters.network.ratelimit.v3.RateLimit"
       ]
      },
      {
       "name": "envoy.filters.network.sni_cluster",
       "category": "envoy.filters.network",
       "type_urls": [
        "envoy.extensions.filters.network.sni_cluster.v3.SniCluster"
       ]
      },
      {
       "name": "envoy.filters.network.sni_dynamic_forward_proxy",
       "category": "envoy.filters.network",
       "type_urls": [
        "envoy.extensions.filters.network.sni_dynamic_forward_proxy.v3.FilterConfig"
       ]
      },
      {
       "name": "envoy.filters.network.tcp_proxy",
       "category": "envoy.filters.network",
       "type_urls": [
        "envoy.extensions.filters.network.tcp_proxy.v3.TcpProxy"
       ]
      },
      {
       "name": "envoy.filters.network.wasm",
       "category": "envoy.filters.network",
       "type_urls": [
        "envoy.extensions.filters.network.wasm.v3.Wasm"
       ]
      },
      {
       "name": "envoy.http_connection_manager",
       "category": "envoy.filters.network"
      },
      {
       "name": "envoy.mongo_proxy",
       "category": "envoy.filters.network"
      },
      {
       "name": "envoy.ratelimit",
       "category": "envoy.filters.network"
      },
      {
       "name": "envoy.tcp_proxy",
       "category": "envoy.filters.network"
      },
      {
       "name": "envoy.config_subscription.filesystem",
       "category": "envoy.config_subscription",
       "type_urls": [
        "envoy.config.core.v3.FilesystemSubscription"
       ]
      },
      {
       "name": "envoy.config_subscription.filesystem_collection",
       "category": "envoy.config_subscription",
       "type_urls": [
        "envoy.config.core.v3.FilesystemCollectionSubscription"
       ]
      },
      {
       "name": "envoy.access_loggers.extension_filters.cel",
       "category": "envoy.access_loggers.extension_filters",
       "type_urls": [
        "envoy.extensions.access_loggers.filters.cel.v3.ExpressionFilter"
       ]
      },
      {
       "name": "envoy.regex_engines.google_re2",
       "category": "envoy.regex_engines",
       "type_urls": [
        "envoy.extensions.regex_engines.v3.GoogleRE2"
       ]
      },
      {
       "name": "envoy.quic.deterministic_connection_id_generator",
       "category": "envoy.quic.connection_id_generator",
       "type_urls": [
        "envoy.extensions.quic.connection_id_generator.v3.DeterministicConnectionIdGeneratorConfig"
       ]
      },
      {
       "name": "envoy.extensions.upstreams.http.v3.HttpProtocolOptions",
       "category": "envoy.upstream_options",
       "type_urls": [
        "envoy.extensions.upstreams.http.v3.HttpProtocolOptions"
       ]
      },
      {
       "name": "envoy.extensions.upstreams.tcp.v3.TcpProtocolOptions",
       "category": "envoy.upstream_options",
       "type_urls": [
        "envoy.extensions.upstreams.tcp.v3.TcpProtocolOptions"
       ]
      },
      {
       "name": "envoy.upstreams.http.http_protocol_options",
       "category": "envoy.upstream_options"
      },
      {
       "name": "envoy.upstreams.tcp.tcp_protocol_options",
       "category": "envoy.upstream_options"
      },
      {
       "name": "envoy.rate_limit_descriptors.expr",
       "category": "envoy.rate_limit_descriptors",
       "type_urls": [
        "envoy.extensions.rate_limit_descriptors.expr.v3.Descriptor"
       ]
      },
      {
       "name": "envoy.quic.proof_source.filter_chain",
       "category": "envoy.quic.proof_source",
       "type_urls": [
        "envoy.extensions.quic.proof_source.v3.ProofSourceConfig"
       ]
      },
      {
       "name": "envoy.connection_handler.default",
       "category": "envoy.connection_handler"
      },
      {
       "name": "envoy.request_id.uuid",
       "category": "envoy.request_id",
       "type_urls": [
        "envoy.extensions.request_id.uuid.v3.UuidRequestIdConfig"
       ]
      },
      {
       "name": "envoy.http.original_ip_detection.xff",
       "category": "envoy.http.original_ip_detection",
       "type_urls": [
        "envoy.extensions.http.original_ip_detection.xff.v3.XffConfig"
       ]
      },
      {
       "name": "default",
       "category": "network.connection.client"
      },
      {
       "name": "envoy_internal",
       "category": "network.connection.client"
      },
      {
       "name": "envoy.tls.cert_validator.default",
       "category": "envoy.tls.cert_validator"
      },
      {
       "name": "envoy.filters.connection_pools.tcp.generic",
       "category": "envoy.upstreams",
       "type_urls": [
        "envoy.extensions.upstreams.tcp.generic.v3.GenericConnectionPoolProto"
       ]
      },
      {
       "name": "envoy.access_loggers.file",
       "category": "envoy.access_loggers",
       "type_urls": [
        "envoy.extensions.access_loggers.file.v3.FileAccessLog"
       ]
      },
      {
       "name": "envoy.access_loggers.http_grpc",
       "category": "envoy.access_loggers",
       "type_urls": [
        "envoy.extensions.access_loggers.grpc.v3.HttpGrpcAccessLogConfig"
       ]
      },
      {
       "name": "envoy.access_loggers.open_telemetry",
       "category": "envoy.access_loggers",
       "type_urls": [
        "envoy.extensions.access_loggers.open_telemetry.v3.OpenTelemetryAccessLogConfig"
       ]
      },
      {
       "name": "envoy.access_loggers.stderr",
       "category": "envoy.access_loggers",
       "type_urls": [
        "envoy.extensions.access_loggers.stream.v3.StderrAccessLog"
       ]
      },
      {
       "name": "envoy.access_loggers.stdout",
       "category": "envoy.access_loggers",
       "type_urls": [
        "envoy.extensions.access_loggers.stream.v3.StdoutAccessLog"
       ]
      },
      {
       "name": "envoy.access_loggers.tcp_grpc",
       "category": "envoy.access_loggers",
       "type_urls": [
        "envoy.extensions.access_loggers.grpc.v3.TcpGrpcAccessLogConfig"
       ]
      },
      {
       "name": "envoy.access_loggers.wasm",
       "category": "envoy.access_loggers",
       "type_urls": [
        "envoy.extensions.access_loggers.wasm.v3.WasmAccessLog"
       ]
      },
      {
       "name": "envoy.file_access_log",
       "category": "envoy.access_loggers"
      },
      {
       "name": "envoy.http_grpc_access_log",
       "category": "envoy.access_loggers"
      },
      {
       "name": "envoy.open_telemetry_access_log",
       "category": "envoy.access_loggers"
      },
      {
       "name": "envoy.stderr_access_log",
       "category": "envoy.access_loggers"
      },
      {
       "name": "envoy.stdout_access_log",
       "category": "envoy.access_loggers"
      },
      {
       "name": "envoy.tcp_grpc_access_log",
       "category": "envoy.access_loggers"
      },
      {
       "name": "envoy.wasm_access_log",
       "category": "envoy.access_loggers"
      },
      {
       "name": "cilium.tls_wrapper",
       "category": "envoy.transport_sockets.upstream",
       "type_urls": [
        "cilium.UpstreamTlsWrapperContext"
       ]
      },
      {
       "name": "envoy.transport_sockets.internal_upstream",
       "category": "envoy.transport_sockets.upstream",
       "type_urls": [
        "envoy.extensions.transport_sockets.internal_upstream.v3.InternalUpstreamTransport"
       ]
      },
      {
       "name": "envoy.transport_sockets.quic",
       "category": "envoy.transport_sockets.upstream",
       "type_urls": [
        "envoy.extensions.transport_sockets.quic.v3.QuicUpstreamTransport"
       ]
      },
      {
       "name": "envoy.transport_sockets.raw_buffer",
       "category": "envoy.transport_sockets.upstream",
       "type_urls": [
        "envoy.extensions.transport_sockets.raw_buffer.v3.RawBuffer"
       ]
      },
      {
       "name": "envoy.transport_sockets.tls",
       "category": "envoy.transport_sockets.upstream",
       "type_urls": [
        "envoy.extensions.transport_sockets.tls.v3.UpstreamTlsContext"
       ]
      },
      {
       "name": "raw_buffer",
       "category": "envoy.transport_sockets.upstream"
      },
      {
       "name": "tls",
       "category": "envoy.transport_sockets.upstream"
      },
      {
       "name": "envoy.path.match.uri_template.uri_template_matcher",
       "category": "envoy.path.match",
       "type_urls": [
        "envoy.extensions.path.match.uri_template.v3.UriTemplateMatchConfig"
       ]
      },
      {
       "name": "envoy.grpc_credentials.default",
       "category": "envoy.grpc_credentials"
      },
      {
       "name": "envoy.filters.http.upstream_codec",
       "category": "envoy.filters.http.upstream",
       "type_urls": [
        "envoy.extensions.filters.http.upstream_codec.v3.UpstreamCodec"
       ]
      },
      {
       "name": "envoy.route.early_data_policy.default",
       "category": "envoy.route.early_data_policy",
       "type_urls": [
        "envoy.extensions.early_data.v3.DefaultEarlyDataPolicy"
       ]
      },
      {
       "name": "cilium.l7policy",
       "category": "envoy.filters.http",
       "type_urls": [
        "cilium.L7Policy"
       ]
      },
      {
       "name": "envoy.ext_authz",
       "category": "envoy.filters.http"
      },
      {
       "name": "envoy.filters.http.dynamic_forward_proxy",
       "category": "envoy.filters.http",
       "type_urls": [
        "envoy.extensions.filters.http.dynamic_forward_proxy.v3.FilterConfig",
        "envoy.extensions.filters.http.dynamic_forward_proxy.v3.PerRouteConfig"
       ]
      },
      {
       "name": "envoy.filters.http.ext_authz",
       "category": "envoy.filters.http",
       "type_urls": [
        "envoy.extensions.filters.http.ext_authz.v3.ExtAuthz",
        "envoy.extensions.filters.http.ext_authz.v3.ExtAuthzPerRoute"
       ]
      },
      {
       "name": "envoy.filters.http.grpc_stats",
       "category": "envoy.filters.http",
       "type_urls": [
        "envoy.extensions.filters.http.grpc_stats.v3.FilterConfig"
       ]
      },
      {
       "name": "envoy.filters.http.grpc_web",
       "category": "envoy.filters.http",
       "type_urls": [
        "envoy.extensions.filters.http.grpc_web.v3.GrpcWeb"
       ]
      },
      {
       "name": "envoy.filters.http.jwt_authn",
       "category": "envoy.filters.http",
       "type_urls": [
        "envoy.extensions.filters.http.jwt_authn.v3.JwtAuthentication",
        "envoy.extensions.filters.http.jwt_authn.v3.PerRouteConfig"
       ]
      },
      {
       "name": "envoy.filters.http.local_ratelimit",
       "category": "envoy.filters.http",
       "type_urls": [
        "envoy.extensions.filters.http.local_ratelimit.v3.LocalRateLimit"
       ]
      },
      {
       "name": "envoy.filters.http.match_delegate",
       "category": "envoy.filters.http",
       "type_urls": [
        "envoy.extensions.common.matching.v3.ExtensionWithMatcher"
       ]
      },
      {
       "name": "envoy.filters.http.oauth2",
       "category": "envoy.filters.http",
       "type_urls": [
        "envoy.extensions.filters.http.oauth2.v3.OAuth2"
       ]
      },
      {
       "name": "envoy.filters.http.rate_limit_quota",
       "category": "envoy.filters.http",
       "type_urls": [
        "envoy.extensions.filters.http.rate_limit_quota.v3.RateLimitQuotaFilterConfig",
        "envoy.extensions.filters.http.rate_limit_quota.v3.RateLimitQuotaOverride"
       ]
      },
      {
       "name": "envoy.filters.http.ratelimit",
       "category": "envoy.filters.http",
       "type_urls": [
        "envoy.extensions.filters.http.ratelimit.v3.RateLimit",
        "envoy.extensions.filters.http.ratelimit.v3.RateLimitPerRoute"
       ]
      },
      {
       "name": "envoy.filters.http.router",
       "category": "envoy.filters.http",
       "type_urls": [
        "envoy.extensions.filters.http.router.v3.Router"
       ]
      },
      {
       "name": "envoy.filters.http.set_metadata",
       "category": "envoy.filters.http",
       "type_urls": [
        "envoy.extensions.filters.http.set_metadata.v3.Config"
       ]
      },
      {
       "name": "envoy.filters.http.wasm",
       "category": "envoy.filters.http",
       "type_urls": [
        "envoy.extensions.filters.http.wasm.v3.Wasm"
       ]
      },
      {
       "name": "envoy.grpc_web",
       "category": "envoy.filters.http"
      },
      {
       "name": "envoy.local_rate_limit",
       "category": "envoy.filters.http"
      },
      {
       "name": "envoy.rate_limit",
       "category": "envoy.filters.http"
      },
      {
       "name": "envoy.router",
       "category": "envoy.filters.http"
      },
      {
       "name": "envoy.watchdog.abort_action",
       "category": "envoy.guarddog_actions",
       "type_urls": [
        "envoy.watchdog.v3.AbortActionConfig"
       ]
      },
      {
       "name": "envoy.cluster.eds",
       "category": "envoy.clusters"
      },
      {
       "name": "envoy.cluster.logical_dns",
       "category": "envoy.clusters"
      },
      {
       "name": "envoy.cluster.original_dst",
       "category": "envoy.clusters"
      },
      {
       "name": "envoy.cluster.static",
       "category": "envoy.clusters"
      },
      {
       "name": "envoy.cluster.strict_dns",
       "category": "envoy.clusters"
      },
      {
       "name": "envoy.clusters.dynamic_forward_proxy",
       "category": "envoy.clusters"
      },
      {
       "name": "envoy.matching.inputs.request_headers",
       "category": "envoy.matching.http.input",
       "type_urls": [
        "envoy.type.matcher.v3.HttpRequestHeaderMatchInput"
       ]
      },
      {
       "name": "envoy.matching.inputs.request_trailers",
       "category": "envoy.matching.http.input",
       "type_urls": [
        "envoy.type.matcher.v3.HttpRequestTrailerMatchInput"
       ]
      },
      {
       "name": "envoy.matching.inputs.response_headers",
       "category": "envoy.matching.http.input",
       "type_urls": [
        "envoy.type.matcher.v3.HttpResponseHeaderMatchInput"
       ]
      },
      {
       "name": "envoy.matching.inputs.response_trailers",
       "category": "envoy.matching.http.input",
       "type_urls": [
        "envoy.type.matcher.v3.HttpResponseTrailerMatchInput"
       ]
      },
      {
       "name": "query_params",
       "category": "envoy.matching.http.input",
       "type_urls": [
        "envoy.type.matcher.v3.HttpRequestQueryParamMatchInput"
       ]
      },
      {
       "name": "envoy.udp_packet_writer.default",
       "category": "envoy.udp_packet_writer",
       "type_urls": [
        "envoy.extensions.udp_packet_writer.v3.UdpDefaultWriterFactory"
       ]
      },
      {
       "name": "envoy.udp_packet_writer.gso",
       "category": "envoy.udp_packet_writer",
       "type_urls": [
        "envoy.extensions.udp_packet_writer.v3.UdpGsoBatchWriterFactory"
       ]
      },
      {
       "name": "cilium.tls_wrapper",
       "category": "envoy.transport_sockets.downstream",
       "type_urls": [
        "cilium.DownstreamTlsWrapperContext"
       ]
      },
      {
       "name": "envoy.transport_sockets.quic",
       "category": "envoy.transport_sockets.downstream",
       "type_urls": [
        "envoy.extensions.transport_sockets.quic.v3.QuicDownstreamTransport"
       ]
      },
      {
       "name": "envoy.transport_sockets.raw_buffer",
       "category": "envoy.transport_sockets.downstream",
       "type_urls": [
        "envoy.extensions.transport_sockets.raw_buffer.v3.RawBuffer"
       ]
      },
      {
       "name": "envoy.transport_sockets.tls",
       "category": "envoy.transport_sockets.downstream",
       "type_urls": [
        "envoy.extensions.transport_sockets.tls.v3.DownstreamTlsContext"
       ]
      },
      {
       "name": "raw_buffer",
       "category": "envoy.transport_sockets.downstream"
      },
      {
       "name": "tls",
       "category": "envoy.transport_sockets.downstream"
      }
     ]
    },
    "static_resources": {
     "listeners": [
      {
       "name": "envoy-prometheus-metrics-listener",
       "address": {
        "socket_address": {
         "address": "0.0.0.0",
         "port_value": 9964
        }
       },
       "filter_chains": [
        {
         "filters": [
          {
           "name": "envoy.filters.network.http_connection_manager",
           "typed_config": {
            "@type": "type.googleapis.com/envoy.extensions.filters.network.http_connection_manager.v3.HttpConnectionManager",
            "stat_prefix": "envoy-prometheus-metrics-listener",
            "route_config": {
             "virtual_hosts": [
              {
               "name": "prometheus_metrics_route",
               "domains": [
                "*"
               ],
               "routes": [
                {
                 "match": {
                  "prefix": "/metrics"
                 },
                 "route": {
                  "cluster": "envoy-admin",
                  "prefix_rewrite": "/stats/prometheus"
                 },
                 "name": "prometheus_metrics_route"
                }
               ]
              }
             ]
            },
            "http_filters": [
             {
              "name": "envoy.filters.http.router",
              "typed_config": {
               "@type": "type.googleapis.com/envoy.extensions.filters.http.router.v3.Router"
              }
             }
            ],
            "stream_idle_timeout": "0s"
           }
          }
         ]
        }
       ]
      },
      {
       "name": "envoy-health-listener",
       "address": {
        "socket_address": {
         "address": "127.0.0.1",
         "port_value": 9878
        }
       },
       "filter_chains": [
        {
         "filters": [
          {
           "name": "envoy.filters.network.http_connection_manager",
           "typed_config": {
            "@type": "type.googleapis.com/envoy.extensions.filters.network.http_connection_manager.v3.HttpConnectionManager",
            "stat_prefix": "envoy-health-listener",
            "route_config": {
             "virtual_hosts": [
              {
               "name": "health",
               "domains": [
                "*"
               ],
               "routes": [
                {
                 "match": {
                  "prefix": "/healthz"
                 },
                 "route": {
                  "cluster": "envoy-admin",
                  "prefix_rewrite": "/ready"
                 },
                 "name": "health"
                }
               ]
              }
             ]
            },
            "http_filters": [
             {
              "name": "envoy.filters.http.router",
              "typed_config": {
               "@type": "type.googleapis.com/envoy.extensions.filters.http.router.v3.Router"
              }
             }
            ],
            "stream_idle_timeout": "0s"
           }
          }
         ]
        }
       ]
      }
     ],
     "clusters": [
      {
       "name": "ingress-cluster",
       "type": "ORIGINAL_DST",
       "connect_timeout": "2s",
       "lb_policy": "CLUSTER_PROVIDED",
       "cleanup_interval": "2.500s",
       "typed_extension_protocol_options": {
        "envoy.extensions.upstreams.http.v3.HttpProtocolOptions": {
         "@type": "type.googleapis.com/envoy.extensions.upstreams.http.v3.HttpProtocolOptions",
         "common_http_protocol_options": {
          "idle_timeout": "60s",
          "max_connection_duration": "0s",
          "max_requests_per_connection": 0
         },
         "use_downstream_protocol_config": {}
        }
       }
      },
      {
       "name": "egress-cluster-tls",
       "type": "ORIGINAL_DST",
       "connect_timeout": "2s",
       "lb_policy": "CLUSTER_PROVIDED",
       "cleanup_interval": "2.500s",
       "transport_socket": {
        "name": "cilium.tls_wrapper",
        "typed_config": {
         "@type": "type.googleapis.com/cilium.UpstreamTlsWrapperContext"
        }
       },
       "typed_extension_protocol_options": {
        "envoy.extensions.upstreams.http.v3.HttpProtocolOptions": {
         "@type": "type.googleapis.com/envoy.extensions.upstreams.http.v3.HttpProtocolOptions",
         "common_http_protocol_options": {
          "idle_timeout": "60s",
          "max_connection_duration": "0s",
          "max_requests_per_connection": 0
         },
         "upstream_http_protocol_options": {},
         "use_downstream_protocol_config": {}
        }
       }
      },
      {
       "name": "egress-cluster",
       "type": "ORIGINAL_DST",
       "connect_timeout": "2s",
       "lb_policy": "CLUSTER_PROVIDED",
       "cleanup_interval": "2.500s",
       "typed_extension_protocol_options": {
        "envoy.extensions.upstreams.http.v3.HttpProtocolOptions": {
         "@type": "type.googleapis.com/envoy.extensions.upstreams.http.v3.HttpProtocolOptions",
         "common_http_protocol_options": {
          "idle_timeout": "60s",
          "max_connection_duration": "0s",
          "max_requests_per_connection": 0
         },
         "use_downstream_protocol_config": {}
        }
       }
      },
      {
       "name": "ingress-cluster-tls",
       "type": "ORIGINAL_DST",
       "connect_timeout": "2s",
       "lb_policy": "CLUSTER_PROVIDED",
       "cleanup_interval": "2.500s",
       "transport_socket": {
        "name": "cilium.tls_wrapper",
        "typed_config": {
         "@type": "type.googleapis.com/cilium.UpstreamTlsWrapperContext"
        }
       },
       "typed_extension_protocol_options": {
        "envoy.extensions.upstreams.http.v3.HttpProtocolOptions": {
         "@type": "type.googleapis.com/envoy.extensions.upstreams.http.v3.HttpProtocolOptions",
         "common_http_protocol_options": {
          "idle_timeout": "60s",
          "max_connection_duration": "0s",
          "max_requests_per_connection": 0
         },
         "upstream_http_protocol_options": {},
         "use_downstream_protocol_config": {}
        }
       }
      },
      {
       "name": "xds-grpc-cilium",
       "type": "STATIC",
       "connect_timeout": "2s",
       "load_assignment": {
        "cluster_name": "xds-grpc-cilium",
        "endpoints": [
         {
          "lb_endpoints": [
           {
            "endpoint": {
             "address": {
              "pipe": {
               "path": "/var/run/cilium/envoy/sockets/xds.sock"
              }
             }
            }
           }
          ]
         }
        ]
       },
       "typed_extension_protocol_options": {
        "envoy.extensions.upstreams.http.v3.HttpProtocolOptions": {
         "@type": "type.googleapis.com/envoy.extensions.upstreams.http.v3.HttpProtocolOptions",
         "explicit_http_config": {
          "http2_protocol_options": {}
         }
        }
       }
      },
      {
       "name": "envoy-admin",
       "type": "STATIC",
       "connect_timeout": "2s",
       "load_assignment": {
        "cluster_name": "envoy-admin",
        "endpoints": [
         {
          "lb_endpoints": [
           {
            "endpoint": {
             "address": {
              "pipe": {
               "path": "/var/run/cilium/envoy/sockets/admin.sock"
              }
             }
            }
           }
          ]
         }
        ]
       }
      }
     ]
    },
    "dynamic_resources": {
     "lds_config": {
      "api_config_source": {
       "api_type": "GRPC",
       "grpc_services": [
        {
         "envoy_grpc": {
          "cluster_name": "xds-grpc-cilium"
         }
        }
       ],
       "set_node_on_first_message_only": true,
       "transport_api_version": "V3"
      },
      "resource_api_version": "V3"
     },
     "cds_config": {
      "api_config_source": {
       "api_type": "GRPC",
       "grpc_services": [
        {
         "envoy_grpc": {
          "cluster_name": "xds-grpc-cilium"
         }
        }
       ],
       "set_node_on_first_message_only": true,
       "transport_api_version": "V3"
      },
      "resource_api_version": "V3"
     }
    },
    "admin": {
     "address": {
      "pipe": {
       "path": "/var/run/cilium/envoy/sockets/admin.sock"
      }
     }
    },
    "layered_runtime": {
     "layers": [
      {
       "name": "static_layer_0",
       "static_layer": {
        "overload": {
         "global_downstream_max_connections": 50000
        }
       }
      }
     ]
    }
   },
   "last_updated": "2023-09-06T00:29:45.110Z"
  },
  {
   "@type": "type.googleapis.com/envoy.admin.v3.ClustersConfigDump",
   "version_info": "6",
   "static_clusters": [
    {
     "cluster": {
      "@type": "type.googleapis.com/envoy.config.cluster.v3.Cluster",
      "name": "egress-cluster",
      "type": "ORIGINAL_DST",
      "connect_timeout": "2s",
      "lb_policy": "CLUSTER_PROVIDED",
      "cleanup_interval": "2.500s",
      "typed_extension_protocol_options": {
       "envoy.extensions.upstreams.http.v3.HttpProtocolOptions": {
        "@type": "type.googleapis.com/envoy.extensions.upstreams.http.v3.HttpProtocolOptions",
        "common_http_protocol_options": {
         "idle_timeout": "60s",
         "max_connection_duration": "0s",
         "max_requests_per_connection": 0
        },
        "use_downstream_protocol_config": {}
       }
      }
     },
     "last_updated": "2023-09-06T00:29:45.115Z"
    },
    {
     "cluster": {
      "@type": "type.googleapis.com/envoy.config.cluster.v3.Cluster",
      "name": "egress-cluster-tls",
      "type": "ORIGINAL_DST",
      "connect_timeout": "2s",
      "lb_policy": "CLUSTER_PROVIDED",
      "cleanup_interval": "2.500s",
      "transport_socket": {
       "name": "cilium.tls_wrapper",
       "typed_config": {
        "@type": "type.googleapis.com/cilium.UpstreamTlsWrapperContext"
       }
      },
      "typed_extension_protocol_options": {
       "envoy.extensions.upstreams.http.v3.HttpProtocolOptions": {
        "@type": "type.googleapis.com/envoy.extensions.upstreams.http.v3.HttpProtocolOptions",
        "common_http_protocol_options": {
         "idle_timeout": "60s",
         "max_connection_duration": "0s",
         "max_requests_per_connection": 0
        },
        "upstream_http_protocol_options": {},
        "use_downstream_protocol_config": {}
       }
      }
     },
     "last_updated": "2023-09-06T00:29:45.115Z"
    },
    {
     "cluster": {
      "@type": "type.googleapis.com/envoy.config.cluster.v3.Cluster",
      "name": "envoy-admin",
      "type": "STATIC",
      "connect_timeout": "2s",
      "load_assignment": {
       "cluster_name": "envoy-admin",
       "endpoints": [
        {
         "lb_endpoints": [
          {
           "endpoint": {
            "address": {
             "pipe": {
              "path": "/var/run/cilium/envoy/sockets/admin.sock"
             }
            }
           }
          }
         ]
        }
       ]
      }
     },
     "last_updated": "2023-09-06T00:29:45.116Z"
    },
    {
     "cluster": {
      "@type": "type.googleapis.com/envoy.config.cluster.v3.Cluster",
      "name": "ingress-cluster",
      "type": "ORIGINAL_DST",
      "connect_timeout": "2s",
      "lb_policy": "CLUSTER_PROVIDED",
      "cleanup_interval": "2.500s",
      "typed_extension_protocol_options": {
       "envoy.extensions.upstreams.http.v3.HttpProtocolOptions": {
        "@type": "type.googleapis.com/envoy.extensions.upstreams.http.v3.HttpProtocolOptions",
        "common_http_protocol_options": {
         "idle_timeout": "60s",
         "max_connection_duration": "0s",
         "max_requests_per_connection": 0
        },
        "use_downstream_protocol_config": {}
       }
      }
     },
     "last_updated": "2023-09-06T00:29:45.115Z"
    },
    {
     "cluster": {
      "@type": "type.googleapis.com/envoy.config.cluster.v3.Cluster",
      "name": "ingress-cluster-tls",
      "type": "ORIGINAL_DST",
      "connect_timeout": "2s",
      "lb_policy": "CLUSTER_PROVIDED",
      "cleanup_interval": "2.500s",
      "transport_socket": {
       "name": "cilium.tls_wrapper",
       "typed_config": {
        "@type": "type.googleapis.com/cilium.UpstreamTlsWrapperContext"
       }
      },
      "typed_extension_protocol_options": {
       "envoy.extensions.upstreams.http.v3.HttpProtocolOptions": {
        "@type": "type.googleapis.com/envoy.extensions.upstreams.http.v3.HttpProtocolOptions",
        "common_http_protocol_options": {
         "idle_timeout": "60s",
         "max_connection_duration": "0s",
         "max_requests_per_connection": 0
        },
        "upstream_http_protocol_options": {},
        "use_downstream_protocol_config": {}
       }
      }
     },
     "last_updated": "2023-09-06T00:29:45.116Z"
    },
    {
     "cluster": {
      "@type": "type.googleapis.com/envoy.config.cluster.v3.Cluster",
      "name": "xds-grpc-cilium",
      "type": "STATIC",
      "connect_timeout": "2s",
      "load_assignment": {
       "cluster_name": "xds-grpc-cilium",
       "endpoints": [
        {
         "lb_endpoints": [
          {
           "endpoint": {
            "address": {
             "pipe": {
              "path": "/var/run/cilium/envoy/sockets/xds.sock"
             }
            }
           }
          }
         ]
        }
       ]
      },
      "typed_extension_protocol_options": {
       "envoy.extensions.upstreams.http.v3.HttpProtocolOptions": {
        "@type": "type.googleapis.com/envoy.extensions.upstreams.http.v3.HttpProtocolOptions",
        "explicit_http_config": {
         "http2_protocol_options": {}
        }
       }
      }
     },
     "last_updated": "2023-09-06T00:29:45.116Z"
    }
   ],
   "dynamic_active_clusters": [
    {
     "version_info": "6",
     "cluster": {
      "@type": "type.googleapis.com/envoy.config.cluster.v3.Cluster",
      "name": "streampai/backend:7000",
      "type": "EDS",
      "eds_cluster_config": {
       "eds_config": {
        "api_config_source": {
         "api_type": "GRPC",
         "grpc_services": [
          {
           "envoy_grpc": {
            "cluster_name": "xds-grpc-cilium"
           }
          }
         ],
         "set_node_on_first_message_only": true,
         "transport_api_version": "V3"
        },
        "resource_api_version": "V3"
       }
      },
      "connect_timeout": "5s",
      "outlier_detection": {
       "split_external_local_origin_errors": true
      },
      "typed_extension_protocol_options": {
       "envoy.extensions.upstreams.http.v3.HttpProtocolOptions": {
        "@type": "type.googleapis.com/envoy.extensions.upstreams.http.v3.HttpProtocolOptions",
        "common_http_protocol_options": {
         "idle_timeout": "60s"
        },
        "use_downstream_protocol_config": {
         "http2_protocol_options": {}
        }
       }
      }
     },
     "last_updated": "2023-09-06T00:30:53.514Z"
    },
    {
     "version_info": "6",
     "cluster": {
      "@type": "type.googleapis.com/envoy.config.cluster.v3.Cluster",
      "name": "streampai/frontend:3000",
      "type": "EDS",
      "eds_cluster_config": {
       "eds_config": {
        "api_config_source": {
         "api_type": "GRPC",
         "grpc_services": [
          {
           "envoy_grpc": {
            "cluster_name": "xds-grpc-cilium"
           }
          }
         ],
         "set_node_on_first_message_only": true,
         "transport_api_version": "V3"
        },
        "resource_api_version": "V3"
       }
      },
      "connect_timeout": "5s",
      "outlier_detection": {
       "split_external_local_origin_errors": true
      },
      "typed_extension_protocol_options": {
       "envoy.extensions.upstreams.http.v3.HttpProtocolOptions": {
        "@type": "type.googleapis.com/envoy.extensions.upstreams.http.v3.HttpProtocolOptions",
        "common_http_protocol_options": {
         "idle_timeout": "60s"
        },
        "use_downstream_protocol_config": {
         "http2_protocol_options": {}
        }
       }
      }
     },
     "last_updated": "2023-09-06T00:30:53.510Z"
    },
    {
     "version_info": "6",
     "cluster": {
      "@type": "type.googleapis.com/envoy.config.cluster.v3.Cluster",
      "name": "streampai/kratos:4433",
      "type": "EDS",
      "eds_cluster_config": {
       "eds_config": {
        "api_config_source": {
         "api_type": "GRPC",
         "grpc_services": [
          {
           "envoy_grpc": {
            "cluster_name": "xds-grpc-cilium"
           }
          }
         ],
         "set_node_on_first_message_only": true,
         "transport_api_version": "V3"
        },
        "resource_api_version": "V3"
       }
      },
      "connect_timeout": "5s",
      "outlier_detection": {
       "split_external_local_origin_errors": true
      },
      "typed_extension_protocol_options": {
       "envoy.extensions.upstreams.http.v3.HttpProtocolOptions": {
        "@type": "type.googleapis.com/envoy.extensions.upstreams.http.v3.HttpProtocolOptions",
        "common_http_protocol_options": {
         "idle_timeout": "60s"
        },
        "use_downstream_protocol_config": {
         "http2_protocol_options": {}
        }
       }
      }
     },
     "last_updated": "2023-09-06T00:30:53.511Z"
    },
    {
     "version_info": "6",
     "cluster": {
      "@type": "type.googleapis.com/envoy.config.cluster.v3.Cluster",
      "name": "streampai/minio:9000",
      "type": "EDS",
      "eds_cluster_config": {
       "eds_config": {
        "api_config_source": {
         "api_type": "GRPC",
         "grpc_services": [
          {
           "envoy_grpc": {
            "cluster_name": "xds-grpc-cilium"
           }
          }
         ],
         "set_node_on_first_message_only": true,
         "transport_api_version": "V3"
        },
        "resource_api_version": "V3"
       }
      },
      "connect_timeout": "5s",
      "outlier_detection": {
       "split_external_local_origin_errors": true
      },
      "typed_extension_protocol_options": {
       "envoy.extensions.upstreams.http.v3.HttpProtocolOptions": {
        "@type": "type.googleapis.com/envoy.extensions.upstreams.http.v3.HttpProtocolOptions",
        "common_http_protocol_options": {
         "idle_timeout": "60s"
        },
        "use_downstream_protocol_config": {
         "http2_protocol_options": {}
        }
       }
      }
     },
     "last_updated": "2023-09-06T00:30:53.512Z"
    },
    {
     "version_info": "6",
     "cluster": {
      "@type": "type.googleapis.com/envoy.config.cluster.v3.Cluster",
      "name": "streampai/pgweb:8081",
      "type": "EDS",
      "eds_cluster_config": {
       "eds_config": {
        "api_config_source": {
         "api_type": "GRPC",
         "grpc_services": [
          {
           "envoy_grpc": {
            "cluster_name": "xds-grpc-cilium"
           }
          }
         ],
         "set_node_on_first_message_only": true,
         "transport_api_version": "V3"
        },
        "resource_api_version": "V3"
       }
      },
      "connect_timeout": "5s",
      "outlier_detection": {
       "split_external_local_origin_errors": true
      },
      "typed_extension_protocol_options": {
       "envoy.extensions.upstreams.http.v3.HttpProtocolOptions": {
        "@type": "type.googleapis.com/envoy.extensions.upstreams.http.v3.HttpProtocolOptions",
        "common_http_protocol_options": {
         "idle_timeout": "60s"
        },
        "use_downstream_protocol_config": {
         "http2_protocol_options": {}
        }
       }
      }
     },
     "last_updated": "2023-09-06T00:30:53.513Z"
    }
   ]
  },
  {
   "@type": "type.googleapis.com/envoy.admin.v3.EndpointsConfigDump",
   "static_endpoint_configs": [
    {
     "endpoint_config": {
      "@type": "type.googleapis.com/envoy.config.endpoint.v3.ClusterLoadAssignment",
      "cluster_name": "envoy-admin",
      "endpoints": [
       {
        "locality": {},
        "lb_endpoints": [
         {
          "endpoint": {
           "address": {
            "pipe": {
             "path": "/var/run/cilium/envoy/sockets/admin.sock"
            }
           },
           "health_check_config": {}
          },
          "health_status": "HEALTHY",
          "load_balancing_weight": 1
         }
        ]
       }
      ],
      "policy": {
       "overprovisioning_factor": 140
      }
     }
    },
    {
     "endpoint_config": {
      "@type": "type.googleapis.com/envoy.config.endpoint.v3.ClusterLoadAssignment",
      "cluster_name": "xds-grpc-cilium",
      "endpoints": [
       {
        "locality": {},
        "lb_endpoints": [
         {
          "endpoint": {
           "address": {
            "pipe": {
             "path": "/var/run/cilium/envoy/sockets/xds.sock"
            }
           },
           "health_check_config": {}
          },
          "health_status": "HEALTHY",
          "load_balancing_weight": 1
         }
        ]
       }
      ],
      "policy": {
       "overprovisioning_factor": 140
      }
     }
    },
    {
     "endpoint_config": {
      "@type": "type.googleapis.com/envoy.config.endpoint.v3.ClusterLoadAssignment",
      "cluster_name": "ingress-cluster-tls",
      "policy": {
       "overprovisioning_factor": 140
      }
     }
    },
    {
     "endpoint_config": {
      "@type": "type.googleapis.com/envoy.config.endpoint.v3.ClusterLoadAssignment",
      "cluster_name": "egress-cluster-tls",
      "policy": {
       "overprovisioning_factor": 140
      }
     }
    },
    {
     "endpoint_config": {
      "@type": "type.googleapis.com/envoy.config.endpoint.v3.ClusterLoadAssignment",
      "cluster_name": "ingress-cluster",
      "policy": {
       "overprovisioning_factor": 140
      }
     }
    },
    {
     "endpoint_config": {
      "@type": "type.googleapis.com/envoy.config.endpoint.v3.ClusterLoadAssignment",
      "cluster_name": "egress-cluster",
      "policy": {
       "overprovisioning_factor": 140
      }
     }
    }
   ],
   "dynamic_endpoint_configs": [
    {
     "endpoint_config": {
      "@type": "type.googleapis.com/envoy.config.endpoint.v3.ClusterLoadAssignment",
      "cluster_name": "streampai/backend:7000",
      "endpoints": [
       {
        "locality": {},
        "lb_endpoints": [
         {
          "endpoint": {
           "address": {
            "socket_address": {
             "address": "10.244.0.28",
             "port_value": 7000
            }
           },
           "health_check_config": {}
          },
          "health_status": "HEALTHY",
          "load_balancing_weight": 1
         },
         {
          "endpoint": {
           "address": {
            "socket_address": {
             "address": "10.244.0.193",
             "port_value": 7000
            }
           },
           "health_check_config": {}
          },
          "health_status": "HEALTHY",
          "load_balancing_weight": 1
         }
        ]
       }
      ],
      "policy": {
       "overprovisioning_factor": 140
      }
     }
    },
    {
     "endpoint_config": {
      "@type": "type.googleapis.com/envoy.config.endpoint.v3.ClusterLoadAssignment",
      "cluster_name": "streampai/frontend:3000",
      "endpoints": [
       {
        "locality": {},
        "lb_endpoints": [
         {
          "endpoint": {
           "address": {
            "socket_address": {
             "address": "10.244.0.119",
             "port_value": 3000
            }
           },
           "health_check_config": {}
          },
          "health_status": "HEALTHY",
          "load_balancing_weight": 1
         },
         {
          "endpoint": {
           "address": {
            "socket_address": {
             "address": "10.244.0.21",
             "port_value": 3000
            }
           },
           "health_check_config": {}
          },
          "health_status": "HEALTHY",
          "load_balancing_weight": 1
         },
         {
          "endpoint": {
           "address": {
            "socket_address": {
             "address": "10.244.0.104",
             "port_value": 3000
            }
           },
           "health_check_config": {}
          },
          "health_status": "HEALTHY",
          "load_balancing_weight": 1
         },
         {
          "endpoint": {
           "address": {
            "socket_address": {
             "address": "10.244.0.50",
             "port_value": 3000
            }
           },
           "health_check_config": {}
          },
          "health_status": "HEALTHY",
          "load_balancing_weight": 1
         }
        ]
       }
      ],
      "policy": {
       "overprovisioning_factor": 140
      }
     }
    },
    {
     "endpoint_config": {
      "@type": "type.googleapis.com/envoy.config.endpoint.v3.ClusterLoadAssignment",
      "cluster_name": "streampai/pgweb:8081",
      "policy": {
       "overprovisioning_factor": 140
      }
     }
    },
    {
     "endpoint_config": {
      "@type": "type.googleapis.com/envoy.config.endpoint.v3.ClusterLoadAssignment",
      "cluster_name": "streampai/minio:9000",
      "policy": {
       "overprovisioning_factor": 140
      }
     }
    },
    {
     "endpoint_config": {
      "@type": "type.googleapis.com/envoy.config.endpoint.v3.ClusterLoadAssignment",
      "cluster_name": "streampai/kratos:4433",
      "endpoints": [
       {
        "locality": {},
        "lb_endpoints": [
         {
          "endpoint": {
           "address": {
            "socket_address": {
             "address": "10.244.0.192",
             "port_value": 4433
            }
           },
           "health_check_config": {}
          },
          "health_status": "HEALTHY",
          "load_balancing_weight": 1
         }
        ]
       }
      ],
      "policy": {
       "overprovisioning_factor": 140
      }
     }
    }
   ]
  },
  {
   "@type": "type.googleapis.com/envoy.admin.v3.ListenersConfigDump",
   "version_info": "2",
   "static_listeners": [
    {
     "listener": {
      "@type": "type.googleapis.com/envoy.config.listener.v3.Listener",
      "name": "envoy-prometheus-metrics-listener",
      "address": {
       "socket_address": {
        "address": "0.0.0.0",
        "port_value": 9964
       }
      },
      "filter_chains": [
       {
        "filters": [
         {
          "name": "envoy.filters.network.http_connection_manager",
          "typed_config": {
           "@type": "type.googleapis.com/envoy.extensions.filters.network.http_connection_manager.v3.HttpConnectionManager",
           "stat_prefix": "envoy-prometheus-metrics-listener",
           "route_config": {
            "virtual_hosts": [
             {
              "name": "prometheus_metrics_route",
              "domains": [
               "*"
              ],
              "routes": [
               {
                "match": {
                 "prefix": "/metrics"
                },
                "route": {
                 "cluster": "envoy-admin",
                 "prefix_rewrite": "/stats/prometheus"
                },
                "name": "prometheus_metrics_route"
               }
              ]
             }
            ]
           },
           "http_filters": [
            {
             "name": "envoy.filters.http.router",
             "typed_config": {
              "@type": "type.googleapis.com/envoy.extensions.filters.http.router.v3.Router"
             }
            }
           ],
           "stream_idle_timeout": "0s"
          }
         }
        ]
       }
      ]
     },
     "last_updated": "2023-09-06T00:29:45.134Z"
    },
    {
     "listener": {
      "@type": "type.googleapis.com/envoy.config.listener.v3.Listener",
      "name": "envoy-health-listener",
      "address": {
       "socket_address": {
        "address": "127.0.0.1",
        "port_value": 9878
       }
      },
      "filter_chains": [
       {
        "filters": [
         {
          "name": "envoy.filters.network.http_connection_manager",
          "typed_config": {
           "@type": "type.googleapis.com/envoy.extensions.filters.network.http_connection_manager.v3.HttpConnectionManager",
           "stat_prefix": "envoy-health-listener",
           "route_config": {
            "virtual_hosts": [
             {
              "name": "health",
              "domains": [
               "*"
              ],
              "routes": [
               {
                "match": {
                 "prefix": "/healthz"
                },
                "route": {
                 "cluster": "envoy-admin",
                 "prefix_rewrite": "/ready"
                },
                "name": "health"
               }
              ]
             }
            ]
           },
           "http_filters": [
            {
             "name": "envoy.filters.http.router",
             "typed_config": {
              "@type": "type.googleapis.com/envoy.extensions.filters.http.router.v3.Router"
             }
            }
           ],
           "stream_idle_timeout": "0s"
          }
         }
        ]
       }
      ]
     },
     "last_updated": "2023-09-06T00:29:45.135Z"
    }
   ],
   "dynamic_listeners": [
    {
     "name": "streampai/cilium-gateway-sgtw/listener",
     "active_state": {
      "version_info": "2",
      "listener": {
       "@type": "type.googleapis.com/envoy.config.listener.v3.Listener",
       "name": "streampai/cilium-gateway-sgtw/listener",
       "address": {
        "socket_address": {
         "address": "127.0.0.1",
         "port_value": 16741
        }
       },
       "filter_chains": [
        {
         "filter_chain_match": {
          "transport_protocol": "raw_buffer"
         },
         "filters": [
          {
           "name": "cilium.network",
           "typed_config": {
            "@type": "type.googleapis.com/cilium.NetworkFilter"
           }
          },
          {
           "name": "envoy.filters.network.http_connection_manager",
           "typed_config": {
            "@type": "type.googleapis.com/envoy.extensions.filters.network.http_connection_manager.v3.HttpConnectionManager",
            "stat_prefix": "listener-insecure",
            "rds": {
             "config_source": {
              "api_config_source": {
               "api_type": "GRPC",
               "grpc_services": [
                {
                 "envoy_grpc": {
                  "cluster_name": "xds-grpc-cilium"
                 }
                }
               ],
               "set_node_on_first_message_only": true,
               "transport_api_version": "V3"
              },
              "resource_api_version": "V3"
             },
             "route_config_name": "streampai/cilium-gateway-sgtw/listener-insecure"
            },
            "http_filters": [
             {
              "name": "cilium.l7policy",
              "typed_config": {
               "@type": "type.googleapis.com/cilium.L7Policy",
               "access_log_path": "/var/run/cilium/envoy/sockets/access_log.sock"
              }
             },
             {
              "name": "envoy.filters.http.router",
              "typed_config": {
               "@type": "type.googleapis.com/envoy.extensions.filters.http.router.v3.Router"
              }
             }
            ],
            "use_remote_address": true,
            "upgrade_configs": [
             {
              "upgrade_type": "websocket"
             }
            ]
           }
          }
         ]
        }
       ],
       "listener_filters": [
        {
         "name": "envoy.filters.listener.tls_inspector",
         "typed_config": {
          "@type": "type.googleapis.com/envoy.extensions.filters.listener.tls_inspector.v3.TlsInspector"
         }
        },
        {
         "name": "cilium.bpf_metadata",
         "typed_config": {
          "@type": "type.googleapis.com/cilium.BpfMetadata",
          "bpf_root": "/sys/fs/bpf",
          "use_original_source_address": true,
          "is_l7lb": true,
          "ipv4_source_address": "10.244.0.230"
         }
        }
       ],
       "transparent": true,
       "socket_options": [
        {
         "description": "Enable TCP keep-alive (default to enabled)",
         "level": "1",
         "name": "9",
         "int_value": "1",
         "state": "STATE_LISTENING"
        },
        {
         "description": "TCP keep-alive idle time (in seconds) (defaults to 10s)",
         "level": "6",
         "name": "4",
         "int_value": "10",
         "state": "STATE_LISTENING"
        },
        {
         "description": "TCP keep-alive probe intervals (in seconds) (defaults to 5s)",
         "level": "6",
         "name": "5",
         "int_value": "5",
         "state": "STATE_LISTENING"
        },
        {
         "description": "TCP keep-alive probe max failures.",
         "level": "6",
         "name": "6",
         "int_value": "10",
         "state": "STATE_LISTENING"
        },
        {
         "description": "Listener socket mark",
         "level": "1",
         "name": "36",
         "int_value": "2816"
        }
       ]
      },
      "last_updated": "2023-09-06T00:30:53.485Z"
     }
    }
   ]
  },
  {
   "@type": "type.googleapis.com/cilium.NetworkPoliciesConfigDump",
   "networkpolicies": [
    {
     "endpoint_ips": [
      "10.244.0.101"
     ],
     "endpoint_id": "2589",
     "ingress_per_port_policies": [
      {}
     ],
     "egress_per_port_policies": [
      {}
     ],
     "conntrack_map_name": "global"
    },
    {
     "endpoint_ips": [
      "10.244.0.104"
     ],
     "endpoint_id": "48",
     "ingress_per_port_policies": [
      {}
     ],
     "egress_per_port_policies": [
      {}
     ],
     "conntrack_map_name": "global"
    },
    {
     "endpoint_ips": [
      "10.244.0.105"
     ],
     "endpoint_id": "509",
     "ingress_per_port_policies": [
      {}
     ],
     "egress_per_port_policies": [
      {}
     ],
     "conntrack_map_name": "global"
    },
    {
     "endpoint_ips": [
      "10.244.0.119"
     ],
     "endpoint_id": "858",
     "ingress_per_port_policies": [
      {}
     ],
     "egress_per_port_policies": [
      {}
     ],
     "conntrack_map_name": "global"
    },
    {
     "endpoint_ips": [
      "10.244.0.144"
     ],
     "endpoint_id": "3565",
     "ingress_per_port_policies": [
      {}
     ],
     "egress_per_port_policies": [
      {}
     ],
     "conntrack_map_name": "global"
    },
    {
     "endpoint_ips": [
      "10.244.0.155"
     ],
     "endpoint_id": "2682",
     "ingress_per_port_policies": [
      {}
     ],
     "egress_per_port_policies": [
      {}
     ],
     "conntrack_map_name": "global"
    },
    {
     "endpoint_ips": [
      "10.244.0.171"
     ],
     "endpoint_id": "951",
     "ingress_per_port_policies": [
      {}
     ],
     "egress_per_port_policies": [
      {}
     ],
     "conntrack_map_name": "global"
    },
    {
     "endpoint_ips": [
      "10.244.0.172"
     ],
     "endpoint_id": "1528",
     "ingress_per_port_policies": [
      {}
     ],
     "egress_per_port_policies": [
      {}
     ],
     "conntrack_map_name": "global"
    },
    {
     "endpoint_ips": [
      "10.244.0.18"
     ],
     "endpoint_id": "2201",
     "ingress_per_port_policies": [
      {}
     ],
     "egress_per_port_policies": [
      {}
     ],
     "conntrack_map_name": "global"
    },
    {
     "endpoint_ips": [
      "10.244.0.182"
     ],
     "endpoint_id": "1164",
     "ingress_per_port_policies": [
      {}
     ],
     "egress_per_port_policies": [
      {}
     ],
     "conntrack_map_name": "global"
    },
    {
     "endpoint_ips": [
      "10.244.0.186"
     ],
     "endpoint_id": "398",
     "ingress_per_port_policies": [
      {}
     ],
     "egress_per_port_policies": [
      {}
     ],
     "conntrack_map_name": "global"
    },
    {
     "endpoint_ips": [
      "10.244.0.192"
     ],
     "endpoint_id": "628",
     "ingress_per_port_policies": [
      {}
     ],
     "egress_per_port_policies": [
      {}
     ],
     "conntrack_map_name": "global"
    },
    {
     "endpoint_ips": [
      "10.244.0.193"
     ],
     "endpoint_id": "824",
     "ingress_per_port_policies": [
      {}
     ],
     "egress_per_port_policies": [
      {}
     ],
     "conntrack_map_name": "global"
    },
    {
     "endpoint_ips": [
      "10.244.0.197"
     ],
     "endpoint_id": "17",
     "ingress_per_port_policies": [
      {}
     ],
     "egress_per_port_policies": [
      {}
     ],
     "conntrack_map_name": "global"
    },
    {
     "endpoint_ips": [
      "10.244.0.199"
     ],
     "endpoint_id": "3501",
     "ingress_per_port_policies": [
      {}
     ],
     "egress_per_port_policies": [
      {}
     ],
     "conntrack_map_name": "global"
    },
    {
     "endpoint_ips": [
      "10.244.0.206"
     ],
     "endpoint_id": "3726",
     "ingress_per_port_policies": [
      {}
     ],
     "egress_per_port_policies": [
      {}
     ],
     "conntrack_map_name": "global"
    },
    {
     "endpoint_ips": [
      "10.244.0.207"
     ],
     "endpoint_id": "3168",
     "ingress_per_port_policies": [
      {}
     ],
     "egress_per_port_policies": [
      {}
     ],
     "conntrack_map_name": "global"
    },
    {
     "endpoint_ips": [
      "10.244.0.209"
     ],
     "endpoint_id": "443",
     "ingress_per_port_policies": [
      {}
     ],
     "egress_per_port_policies": [
      {}
     ],
     "conntrack_map_name": "global"
    },
    {
     "endpoint_ips": [
      "10.244.0.21"
     ],
     "endpoint_id": "293",
     "ingress_per_port_policies": [
      {}
     ],
     "egress_per_port_policies": [
      {}
     ],
     "conntrack_map_name": "global"
    },
    {
     "endpoint_ips": [
      "10.244.0.212"
     ],
     "endpoint_id": "1959",
     "ingress_per_port_policies": [
      {}
     ],
     "egress_per_port_policies": [
      {}
     ],
     "conntrack_map_name": "global"
    },
    {
     "endpoint_ips": [
      "10.244.0.219"
     ],
     "endpoint_id": "1992",
     "ingress_per_port_policies": [
      {}
     ],
     "egress_per_port_policies": [
      {}
     ],
     "conntrack_map_name": "global"
    },
    {
     "endpoint_ips": [
      "10.244.0.240"
     ],
     "endpoint_id": "246",
     "ingress_per_port_policies": [
      {}
     ],
     "egress_per_port_policies": [
      {}
     ],
     "conntrack_map_name": "global"
    },
    {
     "endpoint_ips": [
      "10.244.0.253"
     ],
     "endpoint_id": "199",
     "ingress_per_port_policies": [
      {}
     ],
     "egress_per_port_policies": [
      {}
     ],
     "conntrack_map_name": "global"
    },
    {
     "endpoint_ips": [
      "10.244.0.28"
     ],
     "endpoint_id": "620",
     "ingress_per_port_policies": [
      {}
     ],
     "egress_per_port_policies": [
      {}
     ],
     "conntrack_map_name": "global"
    },
    {
     "endpoint_ips": [
      "10.244.0.34"
     ],
     "endpoint_id": "359",
     "ingress_per_port_policies": [
      {}
     ],
     "egress_per_port_policies": [
      {}
     ],
     "conntrack_map_name": "global"
    },
    {
     "endpoint_ips": [
      "10.244.0.50"
     ],
     "endpoint_id": "182",
     "ingress_per_port_policies": [
      {}
     ],
     "egress_per_port_policies": [
      {}
     ],
     "conntrack_map_name": "global"
    },
    {
     "endpoint_ips": [
      "10.244.0.57"
     ],
     "endpoint_id": "1526",
     "ingress_per_port_policies": [
      {}
     ],
     "egress_per_port_policies": [
      {}
     ],
     "conntrack_map_name": "global"
    },
    {
     "endpoint_ips": [
      "10.244.0.77"
     ],
     "endpoint_id": "2084",
     "ingress_per_port_policies": [
      {}
     ],
     "egress_per_port_policies": [
      {}
     ],
     "conntrack_map_name": "global"
    },
    {
     "endpoint_ips": [
      "10.244.0.84"
     ],
     "endpoint_id": "1618",
     "ingress_per_port_policies": [
      {}
     ],
     "egress_per_port_policies": [
      {}
     ],
     "conntrack_map_name": "global"
    },
    {
     "endpoint_ips": [
      "10.244.0.93"
     ],
     "endpoint_id": "1412",
     "ingress_per_port_policies": [
      {}
     ],
     "egress_per_port_policies": [
      {}
     ],
     "conntrack_map_name": "global"
    }
   ]
  },
  {
   "@type": "type.googleapis.com/envoy.admin.v3.ScopedRoutesConfigDump"
  },
  {
   "@type": "type.googleapis.com/envoy.admin.v3.RoutesConfigDump",
   "static_route_configs": [
    {
     "route_config": {
      "@type": "type.googleapis.com/envoy.config.route.v3.RouteConfiguration",
      "virtual_hosts": [
       {
        "name": "prometheus_metrics_route",
        "domains": [
         "*"
        ],
        "routes": [
         {
          "match": {
           "prefix": "/metrics"
          },
          "route": {
           "cluster": "envoy-admin",
           "prefix_rewrite": "/stats/prometheus"
          },
          "name": "prometheus_metrics_route"
         }
        ]
       }
      ]
     },
     "last_updated": "2023-09-06T00:29:45.117Z"
    },
    {
     "route_config": {
      "@type": "type.googleapis.com/envoy.config.route.v3.RouteConfiguration",
      "virtual_hosts": [
       {
        "name": "health",
        "domains": [
         "*"
        ],
        "routes": [
         {
          "match": {
           "prefix": "/healthz"
          },
          "route": {
           "cluster": "envoy-admin",
           "prefix_rewrite": "/ready"
          },
          "name": "health"
         }
        ]
       }
      ]
     },
     "last_updated": "2023-09-06T00:29:45.135Z"
    }
   ],
   "dynamic_route_configs": [
    {
     "version_info": "3",
     "route_config": {
      "@type": "type.googleapis.com/envoy.config.route.v3.RouteConfiguration",
      "name": "streampai/cilium-gateway-sgtw/listener-insecure",
      "virtual_hosts": [
       {
        "name": "streampai/cilium-gateway-sgtw/*",
        "domains": [
         "*"
        ],
        "routes": [
         {
          "match": {
           "safe_regex": {
            "regex": "/kratos(/.*)?$"
           }
          },
          "route": {
           "cluster": "streampai/kratos:4433",
           "max_stream_duration": {
            "max_stream_duration": "0s"
           }
          }
         },
         {
          "match": {
           "safe_regex": {
            "regex": "/files(/.*)?$"
           }
          },
          "route": {
           "cluster": "streampai/minio:9000",
           "max_stream_duration": {
            "max_stream_duration": "0s"
           }
          }
         },
         {
          "match": {
           "safe_regex": {
            "regex": "/pgweb(/.*)?$"
           }
          },
          "route": {
           "cluster": "streampai/pgweb:8081",
           "max_stream_duration": {
            "max_stream_duration": "0s"
           }
          }
         },
         {
          "match": {
           "safe_regex": {
            "regex": "/api(/.*)?$"
           }
          },
          "route": {
           "cluster": "streampai/backend:7000",
           "max_stream_duration": {
            "max_stream_duration": "0s"
           }
          }
         },
         {
          "match": {
           "safe_regex": {
            "regex": "(/.*)?$"
           }
          },
          "route": {
           "cluster": "streampai/frontend:3000",
           "max_stream_duration": {
            "max_stream_duration": "0s"
           }
          }
         }
        ]
       }
      ]
     },
     "last_updated": "2023-09-06T00:30:53.519Z"
    }
   ]
  },
  {
   "@type": "type.googleapis.com/envoy.admin.v3.SecretsConfigDump"
  }
 ]
}
